{
  "model": "RandomForest_baseline_v1",
  "n_estimators": 500,
  "features": [
    "mean",
    "std",
    "median",
    "skewness",
    "kurtosis",
    "p10",
    "p90",
    "contrast_d1",
    "contrast_d3",
    "contrast_d5",
    "dissimilarity_d1",
    "dissimilarity_d3",
    "dissimilarity_d5",
    "homogeneity_d1",
    "homogeneity_d3",
    "homogeneity_d5",
    "energy_d1",
    "energy_d3",
    "energy_d5",
    "correlation_d1",
    "correlation_d3",
    "correlation_d5",
    "ASM_d1",
    "ASM_d3",
    "ASM_d5"
  ],
  "validation": {
    "overall_accuracy": 0.7384806973848069,
    "mean_iou": 0.3535906934874486,
    "per_class_iou": {
      "plains": 0.7256317689530686,
      "dunes": 0.22784810126582278,
      "hummocky": 0.16981132075471697,
      "lakes_seas": 0.5925925925925926,
      "labyrinth": 0.4056603773584906,
      "craters": 0.0
    },
    "per_class_f1": {
      "plains": 0.8410041841004184,
      "dunes": 0.3711340206185567,
      "hummocky": 0.2903225806451613,
      "lakes_seas": 0.7441860465116279,
      "labyrinth": 0.5771812080536913,
      "craters": 0.0
    },
    "per_class_precision": {
      "plains": 0.8117932148626817,
      "dunes": 0.4909090909090909,
      "hummocky": 0.3076923076923077,
      "lakes_seas": 0.6956521739130435,
      "labyrinth": 0.5972222222222222,
      "craters": 0.0
    },
    "per_class_recall": {
      "plains": 0.8723958333333334,
      "dunes": 0.2983425414364641,
      "hummocky": 0.2748091603053435,
      "lakes_seas": 0.8,
      "labyrinth": 0.5584415584415584,
      "craters": 0.0
    },
    "confusion_matrix": [
      [
        1005,
        46,
        64,
        12,
        25,
        0
      ],
      [
        106,
        54,
        14,
        6,
        1,
        0
      ],
      [
        80,
        9,
        36,
        3,
        3,
        0
      ],
      [
        12,
        0,
        0,
        48,
        0,
        0
      ],
      [
        30,
        1,
        3,
        0,
        43,
        0
      ],
      [
        5,
        0,
        0,
        0,
        0,
        0
      ]
    ]
  },
  "test": {
    "overall_accuracy": 0.7356965174129353,
    "mean_iou": 0.3393215698967747,
    "per_class_iou": {
      "plains": 0.7230657989877078,
      "dunes": 0.2168141592920354,
      "hummocky": 0.17647058823529413,
      "lakes_seas": 0.4943820224719101,
      "labyrinth": 0.4251968503937008,
      "craters": 0.0
    },
    "per_class_f1": {
      "plains": 0.839278220730172,
      "dunes": 0.3563636363636364,
      "hummocky": 0.3,
      "lakes_seas": 0.6616541353383458,
      "labyrinth": 0.5966850828729282,
      "craters": 0.0
    },
    "per_class_precision": {
      "plains": 0.8130081300813008,
      "dunes": 0.44144144144144143,
      "hummocky": 0.34285714285714286,
      "lakes_seas": 0.676923076923077,
      "labyrinth": 0.5625,
      "craters": 0.0
    },
    "per_class_recall": {
      "plains": 0.8673026886383348,
      "dunes": 0.29878048780487804,
      "hummocky": 0.26666666666666666,
      "lakes_seas": 0.6470588235294118,
      "labyrinth": 0.6352941176470588,
      "craters": 0.0
    },
    "confusion_matrix": [
      [
        1000,
        52,
        51,
        10,
        39,
        1
      ],
      [
        93,
        49,
        12,
        9,
        1,
        0
      ],
      [
        91,
        7,
        36,
        1,
        0,
        0
      ],
      [
        15,
        3,
        4,
        44,
        2,
        0
      ],
      [
        28,
        0,
        2,
        1,
        54,
        0
      ],
      [
        3,
        0,
        0,
        0,
        0,
        0
      ]
    ]
  }
}